name,section,bypassed_by,crack_status,crack_status_desc,cracked,cracked_by,denuvo_assumption,denuvo_assumption_desc,drm_protection,emulator_name,normalized_name,playable_on_emulator,release,released,store_exclusive,store_id,store_link
Madden NFL 21,uncracked_denuvo_games,,,,,,False,Confirmed,,,maddennfl21,False,,2020-08-25T00:00:00Z,,1239520,https://store.steampowered.com/app/1239520
The Bus,uncracked_denuvo_games,,,,,,False,Confirmed,,,thebus,False,,2021-03-25T00:00:00Z,,491540,https://store.steampowered.com/app/491540
Madden NFL 22,uncracked_denuvo_games,,,,,,False,Confirmed,,,maddennfl22,False,,2021-08-20T00:00:00Z,,1519350,https://store.steampowered.com/app/1519350
Lost in random,uncracked_denuvo_games,,,,,,False,Confirmed,,Ryujinx,lostinrandom,True,,2021-09-10T00:00:00Z,,1462570,https://store.steampowered.com/app/1462570/
Monopoly Madness,uncracked_denuvo_games,,,,,,False,Confirmed,Uplay/Ubisoft Connect,Yuzu,monopolymadness,True,,2021-09-21T00:00:00Z,,2383760,https://store.steampowered.com/app/2383760
Demon Slayer -Kimetsu no Yaiba- The Hinokami Chronicles,uncracked_denuvo_games,,,,,,False,Confirmed,,Ryujinx,demonslayerkimetsunoyaibathehinokamichronicles,True,,2021-10-15T00:00:00Z,,1490890,https://store.steampowered.com/app/1490890/
Football Manager 2022,uncracked_denuvo_games,,,,,,False,Confirmed,,,footballmanager2022,False,,2021-11-09T00:00:00Z,,1569040,https://store.steampowered.com/app/1569040
Total War Warhammer 3,uncracked_denuvo_games,,,,,,False,Confirmed,,,totalwarwarhammer3,False,,2022-02-17T00:00:00Z,,1142710,https://store.steampowered.com/app/1142710
GRID Legends,uncracked_denuvo_games,,,,,,False,Confirmed,,,gridlegends,False,,2022-02-24T00:00:00Z,,1307710,https://store.steampowered.com/app/1307710
FAR: Changing Tides,uncracked_denuvo_games,,,,,,False,Confirmed,,Ryujinx,farchangingtides,True,,2022-03-01T00:00:00Z,,1570010,https://store.steampowered.com/app/1570010
Persona 4 Arena Ultimax,uncracked_denuvo_games,,,,,,False,Confirmed,,Yuzu,persona4arenaultimax,True,,2022-03-17T00:00:00Z,,1602010,https://store.steampowered.com/app/1602010
"Warhammer 40,000: Chaos Gate - Daemonhunters",uncracked_denuvo_games,,,,,,False,Confirmed,,,warhammer40000chaosgatedaemonhunters,False,,2022-05-05T00:00:00Z,,1611910,https://store.steampowered.com/app/1611910
Sniper Elite 5,uncracked_denuvo_games,,,,,,False,Confirmed,,,sniperelite5,False,,2022-05-26T00:00:00Z,,1029690,https://store.steampowered.com/app/1029690
Sonic Origins,uncracked_denuvo_games,,,,,,False,Confirmed,,Yuzu,sonicorigins,True,,2022-06-23T00:00:00Z,,1794960,https://store.steampowered.com/app/1794960
Rabbids: Party of Legends,uncracked_denuvo_games,,,,,,False,Confirmed,,Yuzu,rabbidspartyoflegends,True,,2022-06-30T00:00:00Z,,624effdf50e7e27306220ca7,https://store.ubisoft.com/ie/rabbids-party-of-legends/624effdf50e7e27306220ca7.html?lang=en-ZW
Two Point Campus,uncracked_denuvo_games,,,,,,False,Confirmed,,Yuzu,twopointcampus,True,,2022-08-09T00:00:00Z,,1649080,https://store.steampowered.com/app/1649080
Madden NFL 23,uncracked_denuvo_games,,,,,,False,Confirmed,,,maddennfl23,False,,2022-08-19T00:00:00Z,,1760250,https://store.steampowered.com/app/1760250
F1 Manager 2022,uncracked_denuvo_games,,,,,,False,Confirmed,,,f1manager2022,False,,2022-08-30T00:00:00Z,,1708520,https://store.steampowered.com/app/1708520
Lost Judgment,uncracked_denuvo_games,,,,,,False,Confirmed,,,lostjudgment,False,,2022-09-14T00:00:00Z,,2058190,https://store.steampowered.com/app/2058190
Construction Simulator,uncracked_denuvo_games,,,,,,False,Confirmed,,,constructionsimulator,False,,2022-09-20T00:00:00Z,,1273400,https://store.steampowered.com/app/1273400
Need For Speed Unbound,uncracked_denuvo_games,,,,,,False,Confirmed,,,needforspeedunbound,False,,2022-12-02T00:00:00Z,,1846380,https://store.steampowered.com/app/1846380
Marvel Midnight Suns,uncracked_denuvo_games,,,,,,False,Confirmed,,,marvelmidnightsuns,False,,2022-12-02T00:00:00Z,,368260,https://store.steampowered.com/app/368260
Persona 3 Portable,uncracked_denuvo_games,,,,,,False,Confirmed,,Ryujinx,persona3portable,True,,2023-01-19T00:00:00Z,,1809700,https://store.steampowered.com/app/1809700
Undisputed,uncracked_denuvo_games,,,,,,False,Confirmed,,,undisputed,False,,2023-01-31T00:00:00Z,,1451190,https://store.steampowered.com/app/1451190
The Settlers: New Allies,uncracked_denuvo_games,,,,,,False,Confirmed,Uplay/Ubisoft Connect,,thesettlersnewallies,False,,2023-02-17T00:00:00Z,,2750080,https://store.steampowered.com/app/2750080
Like a Dragon: Ishin!,uncracked_denuvo_games,,,,,,False,Confirmed,,,likeadragonishin,False,,2023-02-21T00:00:00Z,,1805480,https://store.steampowered.com/app/1805480
EA Sports PGA Tour 2023,uncracked_denuvo_games,,,,,,False,Confirmed,,,easportspgatour2023,False,,2023-04-07T00:00:00Z,,1677350,https://store.steampowered.com/app/1677350
Redfall,uncracked_denuvo_games,,,,,,False,Confirmed,,,redfall,False,,2023-05-02T00:00:00Z,,1294810,https://store.steampowered.com/agecheck/app/1294810/
Street Fighter 6,uncracked_denuvo_games,,,,,,False,Confirmed,,,streetfighter6,False,,2023-06-01T00:00:00Z,,1364780,https://store.steampowered.com/app/1364780
Super Mega Baseball 4,uncracked_denuvo_games,,,,,,False,Confirmed,,Ryujinx,supermegabaseball4,True,,2023-06-02T00:00:00Z,,1487210,https://store.steampowered.com/app/1487210
F1 2023,uncracked_denuvo_games,,,,,,False,Confirmed,,,f12023,False,,2023-06-16T00:00:00Z,,2108330,https://store.steampowered.com/app/2108330
F1 Manager 2023,uncracked_denuvo_games,,,,,,False,Confirmed,,,f1manager2023,False,,2023-07-31T00:00:00Z,,2287220,https://store.steampowered.com/app/2287220
Madden NFL 24,uncracked_denuvo_games,,,,,,False,Confirmed,,,maddennfl24,False,,2023-08-18T00:00:00Z,,2140330,https://store.steampowered.com/app/2140330
NBA 2K24,uncracked_denuvo_games,,,,,,False,Confirmed,,,nba2k24,False,,2023-09-08T00:00:00Z,,2338770,https://store.steampowered.com/app/2338770
Mortal Kombat 1,uncracked_denuvo_games,,,,,,False,Confirmed,,Yuzu,mortalkombat1,True,,2023-09-19T00:00:00Z,,1971870,https://store.steampowered.com/app/1971870
EA FC 24,uncracked_denuvo_games,,,,,,False,Confirmed,,,eafc24,False,,2023-09-29T00:00:00Z,,2195250,https://store.steampowered.com/app/2195250
Total War: Pharaoh,uncracked_denuvo_games,,,,,,False,Confirmed,,,totalwarpharaoh,False,,2023-10-11T00:00:00Z,,1937780,https://store.steampowered.com/app/1937780
Sonic Superstars,uncracked_denuvo_games,,,,,,False,Confirmed,,Yuzu,sonicsuperstars,True,,2023-10-17T00:00:00Z,,2022670,https://store.steampowered.com/app/2022670
WRC,uncracked_denuvo_games,,,,,,False,Confirmed,,,wrc,False,,2023-11-03T00:00:00Z,,1849250,https://store.steampowered.com/app/1849250
Football Manager 2024,uncracked_denuvo_games,,,,,,False,Confirmed,,Suyu,footballmanager2024,True,,2023-11-06T00:00:00Z,,2252570,https://store.steampowered.com/app/2252570
Like A Dragon Gaiden - The Man Who Erased His Name,uncracked_denuvo_games,,,,,,False,Confirmed,,,likeadragongaidenthemanwhoerasedhisname,False,,2023-11-08T00:00:00Z,,2375550,https://store.steampowered.com/agecheck/app/2375550/
Persona 5 Tactica,uncracked_denuvo_games,,,,,,False,Confirmed,,Yuzu,persona5tactica,True,,2023-11-17T00:00:00Z,,2254740,https://store.steampowered.com/app/2254740
Warhammer Age of Sigmar: Realms of Ruin,uncracked_denuvo_games,,,,,,False,Confirmed,,,warhammerageofsigmarrealmsofruin,False,,2023-11-17T00:00:00Z,,1844380,https://store.steampowered.com/app/1844380
Avatar: Frontiers of Pandora,uncracked_denuvo_games,,,,,,False,Confirmed,Uplay/Ubisoft Connect,,avatarfrontiersofpandora,False,,2023-12-07T00:00:00Z,,2840770,https://store.steampowered.com/app/2840770
Prince of Persia: The Lost Crown,uncracked_denuvo_games,,,,,,False,Confirmed,Uplay/Ubisoft Connect,Ryujinx,princeofpersiathelostcrown,True,,2024-01-15T00:00:00Z,Epic Games Store,prince-of-persia-the-lost-crown,https://store.epicgames.com/en-US/p/prince-of-persia-the-lost-crown
Valiant Hearts: Coming Home,uncracked_denuvo_games,,,,,,False,Confirmed,Uplay/Ubisoft Connect,Ryujinx,valiantheartscominghome,True,,2024-03-07T00:00:00Z,,,https://www.ubisoft.com/en-gb/game/valiant-hearts/coming-home
TopSpin 2K25,uncracked_denuvo_games,,,,,,False,Confirmed,,,topspin2k25,False,,2024-04-26T00:00:00Z,,1785650,https://store.steampowered.com/app/1785650
F1 24,uncracked_denuvo_games,,,,,,False,Confirmed,,,f124,False,,2024-05-31T00:00:00Z,,2488620,https://store.steampowered.com/app/2488620
Beyond Good & Evil - 20th Anniversary Edition,uncracked_denuvo_games,,,,,,False,Confirmed,Uplay/Ubisoft Connect,Ryujinx,beyondgoodevil20thanniversaryedition,True,,2024-06-25T00:00:00Z,,2556990,https://store.steampowered.com/app/2556990
Demon Slayer -Kimetsu no Yaiba- Sweep the Board!,uncracked_denuvo_games,,,,,,False,Confirmed,,Suyu,demonslayerkimetsunoyaibasweeptheboard,True,,2024-07-16T00:00:00Z,,2424110,https://store.steampowered.com/app/2424110
F1 Manager 2024,uncracked_denuvo_games,,,,,,False,Confirmed,,Eden,f1manager2024,True,,2024-07-24T00:00:00Z,,2591280,https://store.steampowered.com/app/2591280
Madden NFL 25,uncracked_denuvo_games,,,,,,False,Confirmed,,,maddennfl25,False,,2024-08-16T00:00:00Z,,2582560,https://store.steampowered.com/app/2582560
Star Wars Outlaws,uncracked_denuvo_games,,,,,,False,Confirmed,Uplay/Ubisoft Connect,,starwarsoutlaws,False,,2024-08-30T00:00:00Z,Epic Games Store,star-wars-outlaws,https://store.epicgames.com/en-US/p/star-wars-outlaws
Harry Potter: Quidditch Champions,uncracked_denuvo_games,,,,,,False,Confirmed,,,harrypotterquidditchchampions,False,,2024-09-03T00:00:00Z,,2878600,https://store.steampowered.com/app/2878600
NBA 2K25,uncracked_denuvo_games,,,,,,False,Confirmed,,,nba2k25,False,,2024-09-06T00:00:00Z,,2878980,https://store.steampowered.com/app/2878980
MONOPOLY,uncracked_denuvo_games,,,,,,False,Confirmed,Uplay/Ubisoft Connect,Suyu,monopoly,True,,2024-09-24T00:00:00Z,,2929170,https://store.steampowered.com/app/2929170
EA SPORTS FC 25,uncracked_denuvo_games,,,,,,False,Confirmed,,Suyu,easportsfc25,True,,2024-09-27T00:00:00Z,,2669320,https://store.steampowered.com/app/2669320
Professional Baseball Spirits 2024/2025,uncracked_denuvo_games,,,,,,False,Confirmed,,,professionalbaseballspirits20242025,False,,2024-10-17T00:00:00Z,,2051010,https://store.steampowered.com/app/2051010
Sonic X Shadow Generations,uncracked_denuvo_games,,,,,,False,Confirmed,,Yuzu,sonicxshadowgenerations,True,,2024-10-25T00:00:00Z,,2513280,https://store.steampowered.com/app/2513280
Speedball,uncracked_denuvo_games,,,,,,False,Confirmed,,,speedball,False,,2024-10-29T00:00:00Z,,1795190,https://store.steampowered.com/app/1795190
Planet Coaster 2,uncracked_denuvo_games,,,,,,False,Confirmed,,,planetcoaster2,False,,2024-11-06T00:00:00Z,,2688950,https://store.steampowered.com/app/2688950
Sniper Elite: Resistance,uncracked_denuvo_games,,,,,,False,Confirmed,,,snipereliteresistance,False,,2025-01-30T00:00:00Z,,2169200,https://store.steampowered.com/app/2169200
Hello Kitty Island Adventure,uncracked_denuvo_games,,,,,,False,Confirmed,,Suyu,hellokittyislandadventure,True,,2025-01-30T00:00:00Z,,2495100,https://store.steampowered.com/app/2495100
Sid Meier's Civilization VII,uncracked_denuvo_games,,,,,,False,Confirmed,,,sidmeierscivilizationvii,False,,2025-02-11T00:00:00Z,,1295660,https://store.steampowered.com/app/1295660
Like a Dragon: Pirate Yakuza,uncracked_denuvo_games,,,,,,False,Confirmed,,,likeadragonpirateyakuza,False,,2025-02-20T00:00:00Z,,3061810,https://store.steampowered.com/agecheck/app/3061810/
Monster Hunter Wilds,uncracked_denuvo_games,,,,,,False,Confirmed,,,monsterhunterwilds,False,,2025-02-28T00:00:00Z,,2246340,https://store.steampowered.com/app/2246340
PGA TOUR 2K25,uncracked_denuvo_games,,,,,,False,Confirmed,,,pgatour2k25,False,,2025-02-28T00:00:00Z,,2385530,https://store.steampowered.com/app/2385530
Two Point Museum,uncracked_denuvo_games,,,,,,False,Confirmed,,,twopointmuseum,False,,2025-03-04T00:00:00Z,,2185060,https://store.steampowered.com/app/2185060
Assassins Creed Shadows,uncracked_denuvo_games,,,,,,False,Confirmed,Uplay/Ubisoft Connect,,assassinscreedshadows,False,,2025-03-20T00:00:00Z,,3159330,https://store.steampowered.com/app/3159330
Atomfall,uncracked_denuvo_games,,,,,,False,Confirmed,,,atomfall,False,,2025-03-27T00:00:00Z,,801800,https://store.steampowered.com/app/801800
The First Berserker: Khazan,uncracked_denuvo_games,,,,,,False,Confirmed,,,thefirstberserkerkhazan,False,,2025-03-27T00:00:00Z,,2680010,https://store.steampowered.com/app/2680010
Doom: The Dark Ages,uncracked_denuvo_games,,,,,,False,Confirmed,,,doomthedarkages,False,,2025-05-15T00:00:00Z,,3017860,https://store.steampowered.com/app/3017860
F1 2025,uncracked_denuvo_games,,,,,,False,Confirmed,,,f12025,False,,2025-05-30T00:00:00Z,,3059520,https://store.steampowered.com/app/3059520
Stellar Blade,uncracked_denuvo_games,,,,,,False,Confirmed,,,stellarblade,False,,2025-06-11T00:00:00Z,,3489700,https://store.steampowered.com/agecheck/app/3489700/
Demon Slayer -Kimetsu no Yaiba- The Hinokami Chronicles 2,uncracked_denuvo_games,,,,,,False,Confirmed,,Sudachi,demonslayerkimetsunoyaibathehinokamichronicles2,True,,2025-08-08T00:00:00Z,,2928600,https://store.steampowered.com/app/2928600
Mafia: The Old Country,uncracked_denuvo_games,,,,,,False,Confirmed,,,mafiatheoldcountry,False,,2025-08-08T00:00:00Z,,1941540,https://store.steampowered.com/app/1941540
Madden NFL 2026,uncracked_denuvo_games,,,,,,False,Confirmed,,,maddennfl2026,False,,2025-08-14T00:00:00Z,,3230400,https://store.steampowered.com/app/3230400
Super Robot Wars Y,uncracked_denuvo_games,,,,,,False,Confirmed,,Ryujinx,superrobotwarsy,True,,2025-08-25T00:00:00Z,,1909950,https://store.steampowered.com/app/1909950
Shinobi - Art of Vengeance,uncracked_denuvo_games,,,,,,False,Confirmed,,Ryujinx,shinobiartofvengeance,True,,2025-08-29T00:00:00Z,,2361770,https://store.steampowered.com/app/2361770
NBA 2K26,uncracked_denuvo_games,,,,,,False,Confirmed,,,nba2k26,False,,2025-09-05T00:00:00Z,,3472040,https://store.steampowered.com/app/3472040
Borderlands 4,uncracked_denuvo_games,,,,,,False,Confirmed,,,borderlands4,False,,2025-09-11T00:00:00Z,,1285190,https://store.steampowered.com/app/1285190
EA Sports FC 26,uncracked_denuvo_games,,,,,,False,Confirmed,,,easportsfc26,False,,2025-09-25T00:00:00Z,,3405690,https://store.steampowered.com/app/3405690
Final Fantasy Tactics - The Ivalice Chronicles,uncracked_denuvo_games,,,,,,False,Confirmed,,Ryujinx,finalfantasytacticstheivalicechronicles,True,,2025-09-30T00:00:00Z,,1004640,https://store.steampowered.com/app/1004640
Jurassic World Evolution 3,uncracked_denuvo_games,,,,,,False,Confirmed,,,jurassicworldevolution3,False,,2025-10-21T00:00:00Z,,2958130,https://store.steampowered.com/app/2958130
Dragon Quest 1 & 2 HD-2D Remake,uncracked_denuvo_games,,,,,,False,Confirmed,,Citrou,dragonquest12hd2dremake,True,,2025-10-30T00:00:00Z,,2893570,https://store.steampowered.com/app/2893570
Football Manager 26,uncracked_denuvo_games,,,,,,False,Confirmed,,,footballmanager26,False,,2025-11-04T00:00:00Z,,3551340,https://store.steampowered.com/app/3551340
Anno 117 - Pax Romana,uncracked_denuvo_games,,,,,,False,Confirmed,Uplay/Ubisoft Connect,,anno117paxromana,False,,2025-11-13T00:00:00Z,,3274580,https://store.steampowered.com/app/3274580
Code Vein II,uncracked_denuvo_games,,,,,,False,Confirmed,,,codeveinii,False,,2026-01-30T00:00:00Z,,2362060,https://store.steampowered.com/app/2362060
Dragon Quest VII Reimagined,uncracked_denuvo_games,,,,,,False,Confirmed,,,dragonquestviireimagined,False,,2026-02-05T00:00:00Z,,2499860,https://store.steampowered.com/app/2499860
Hatsune Miku: Project DIVA Mega Mix+,bypassed_denuvo_games,Hypervisor workaround by Andreh,,,,,False,Confirmed,,,hatsunemikuprojectdivamegamix,,,2022-05-26T00:00:00Z,,1761390,https://store.steampowered.com/app/1761390
Soul Hackers 2,bypassed_denuvo_games,Hypervisor workaround by KIRIGIRI,,,,,False,Confirmed,,,soulhackers2,,,2022-08-25T00:00:00Z,,1777620,https://store.steampowered.com/app/1777620
Like A Dragon Infinite Wealth,bypassed_denuvo_games,Hypervisor workaround by Andreh,,,,,False,Confirmed,,,likeadragoninfinitewealth,,,2024-01-26T00:00:00Z,,2072450,https://store.steampowered.com/agecheck/app/2072450/
Persona 3 Reloaded,bypassed_denuvo_games,Demo Bypass by RikuKH3,,,,,False,Confirmed,,,persona3reloaded,,,2024-02-02T00:00:00Z,,2161700,https://store.steampowered.com/app/2161700
Shin Megami Tensei V: Vengeance,bypassed_denuvo_games,Demo Bypass by RikuKH3,,,,,False,Confirmed,,,shinmegamitenseivvengeance,,,2024-06-21T00:00:00Z,,1875830,https://store.steampowered.com/app/1875830
Black Myth Wukong,bypassed_denuvo_games,Hypervisor workaround by 0xZeOn,,,,,False,Confirmed,,,blackmythwukong,,,2024-08-20T00:00:00Z,,2358720,https://store.steampowered.com/app/2358720
Metaphor Re Fantazio,bypassed_denuvo_games,Demo Bypass by RikuKH3,,,,,False,Confirmed,,,metaphorrefantazio,,,2024-10-11T00:00:00Z,,2679460,https://store.steampowered.com/app/2679460/Metaphor_ReFantazio/
RAIDOU Remastered: The Mystery of the Soulless Army,bypassed_denuvo_games,Demo Bypass by RikuKH3,,,,,False,Confirmed,,,raidouremasteredthemysteryofthesoullessarmy,,,2025-06-19T00:00:00Z,,2288350,https://store.steampowered.com/app/2288350/
Sonic Racing - CrossWorlds,bypassed_denuvo_games,Hypervisor workaround by KIRIGIRI,,,,,False,Confirmed,,,sonicracingcrossworlds,,,2025-09-25T00:00:00Z,,2486820,https://store.steampowered.com/app/2486820
Digimon Story Time Stranger,bypassed_denuvo_games,Demo Bypass by democrackerz,,,,,False,Confirmed,,,digimonstorytimestranger,,,2025-10-03T00:00:00Z,,1984270,https://store.steampowered.com/app/1984270
Octopath Traveler 0,bypassed_denuvo_games,Demo Bypass by democrackerz,,,,,False,Confirmed,,,octopathtraveler0,,,2025-12-04T00:00:00Z,,3014320,https://store.steampowered.com/app/3014320
Scott Pilgrim vs. The World: The Game,cracked_denuvo_games_(2021-present),,fully_cracked,latest update is cracked with all the DLC's,2025-12-06T00:00:00Z,voices38,False,Confirmed,Uplay/Ubisoft Connect,,scottpilgrimvstheworldthegame,,,2021-01-14T00:00:00Z,,2215260,https://store.steampowered.com/app/2215260
Persona 5 Strikers,cracked_denuvo_games_(2021-present),,missing_updates,"all DLC's are cracked, but the latest patch is uncracked",2021-02-19T00:00:00Z,whiteee,False,Confirmed,,,persona5strikers,,,2021-02-23T00:00:00Z,,1382330,https://store.steampowered.com/app/1382330
Megasuki: Love Through Lenses with Ayumu Sakura,cracked_denuvo_games_(2021-present),,fully_cracked,latest update is cracked with all the DLC's,2021-04-01T00:00:00Z,sst311212,False,Confirmed,,,megasukilovethroughlenseswithayumusakura,,,2021-03-19T00:00:00Z,,,https://vndb.org/v28260
Evil Genius 2: World Domination,cracked_denuvo_games_(2021-present),,fully_cracked,latest update is cracked with all the DLC's,2022-06-16T00:00:00Z,EMPRESS,False,Confirmed,,,evilgenius2worlddomination,,,2021-03-30T00:00:00Z,,700600,https://store.steampowered.com/app/700600
Shin Megami Tensei III: Nocturne HD Remaster,cracked_denuvo_games_(2021-present),,fully_cracked,latest update is cracked with all the DLC's,2025-11-24T00:00:00Z,voices38,False,Confirmed,,,shinmegamitenseiiiinocturnehdremaster,,,2021-05-25T00:00:00Z,,1413480,https://store.steampowered.com/app/1413480/
F1 2021,cracked_denuvo_games_(2021-present),,fully_cracked,latest update is cracked with all the DLC's,2025-12-15T00:00:00Z,voices38,False,Confirmed,,,f12021,,,2021-07-16T00:00:00Z,,1134570,https://store.steampowered.com/app/1134570/
Sonic Colors Ultimate,cracked_denuvo_games_(2021-present),,fully_cracked,latest update is cracked with all the DLC's,2025-12-27T00:00:00Z,voices38,False,Confirmed,,,soniccolorsultimate,,,2021-09-07T00:00:00Z,,2055290,https://store.steampowered.com/app/2055290
Deathloop,cracked_denuvo_games_(2021-present),,missing_updates,"all DLC's are cracked, but the latest patch is uncracked",2022-04-08T00:00:00Z,EMPRESS,False,Confirmed,,,deathloop,,,2021-09-14T00:00:00Z,,1252330,https://store.steampowered.com/app/1252330/
FIFA 22,cracked_denuvo_games_(2021-present),,fully_cracked,latest update is cracked with all the DLC's,2025-12-31T00:00:00Z,voices38,False,Confirmed,,,fifa22,,,2021-10-02T00:00:00Z,,1506830,https://store.steampowered.com/app/1506830
Far Cry 6,cracked_denuvo_games_(2021-present),,missing_dlc,the latest DLC or multiple ones are uncracked,2022-06-02T00:00:00Z,EMPRESS,False,Confirmed,Uplay/Ubisoft Connect,,farcry6,,,2021-10-07T00:00:00Z,,2369390,https://store.steampowered.com/agecheck/app/2369390/
Marvel's Guardians of the Galaxy,cracked_denuvo_games_(2021-present),,fully_cracked,latest update is cracked with all the DLC's,2022-06-30T00:00:00Z,EMPRESS,False,Confirmed,,,marvelsguardiansofthegalaxy,,,2021-10-26T00:00:00Z,,1088850,https://store.steampowered.com/app/1088850
Jurassic World Evolution 2,cracked_denuvo_games_(2021-present),,missing_dlc,the latest DLC or multiple ones are uncracked,2022-03-08T00:00:00Z,machine4578,False,Confirmed,,,jurassicworldevolution2,,,2021-11-09T00:00:00Z,,1244460,https://store.steampowered.com/app/1244460
F1 2022,cracked_denuvo_games_(2021-present),,missing_updates,"all DLC's are cracked, but the latest patch is uncracked",2022-07-08T00:00:00Z,"sam2k8, Razor1911",False,Confirmed,,,f12022,,,2022-07-01T00:00:00Z,,1692250,https://store.steampowered.com/app/1692250
Judgment,cracked_denuvo_games_(2021-present),,fully_cracked,latest update is cracked with all the DLC's,2023-08-14T00:00:00Z,EMPRESS,False,Confirmed,,,judgment,,,2022-09-14T00:00:00Z,,2058180,https://store.steampowered.com/app/2058180
FIFA 23,cracked_denuvo_games_(2021-present),,fully_cracked,latest update is cracked with all the DLC's,2023-08-22T00:00:00Z,MKDEV,False,Confirmed,,,fifa23,,,2022-10-01T00:00:00Z,,1811260,https://store.steampowered.com/app/1811260
Persona 5 Royal,cracked_denuvo_games_(2021-present),,fully_cracked,latest update is cracked with all the DLC's,2025-12-14T00:00:00Z,MKDEV,False,Confirmed,,,persona5royal,,,2022-10-21T00:00:00Z,,1687950,https://store.steampowered.com/app/1687950
Football Manager 2023,cracked_denuvo_games_(2021-present),,missing_updates,"all DLC's are cracked, but the latest patch is uncracked",2023-02-18T00:00:00Z,MKDEV,False,Confirmed,,,footballmanager2023,,,2022-11-08T00:00:00Z,,1904540,https://store.steampowered.com/app/1904540
Sonic Frontiers,cracked_denuvo_games_(2021-present),,fully_cracked,latest update is cracked with all the DLC's,2026-01-28T00:00:00Z,voices38,False,Confirmed,,,sonicfrontiers,,,2022-11-08T00:00:00Z,,1237320,https://store.steampowered.com/app/1237320
Dead Space Remake,cracked_denuvo_games_(2021-present),,fully_cracked,latest update is cracked with all the DLC's,2026-01-11T00:00:00Z,voices38,False,Confirmed,,,deadspaceremake,,,2023-01-27T00:00:00Z,,1693980,https://store.steampowered.com/app/1693980
Hogwarts Legacy,cracked_denuvo_games_(2021-present),,missing_updates,"all DLC's are cracked, but the latest patch is uncracked",2023-02-23T00:00:00Z,EMPRESS,False,Confirmed,,,hogwartslegacy,,,2023-02-10T00:00:00Z,,990080,https://store.steampowered.com/app/990080
Wild Hearts,cracked_denuvo_games_(2021-present),,missing_updates,"all DLC's are cracked, but the latest patch is uncracked",2023-03-27T00:00:00Z,"Anadius, RUNE",False,Confirmed,,,wildhearts,,,2023-02-16T00:00:00Z,,1938010,https://store.steampowered.com/app/1938010
Atomic Heart,cracked_denuvo_games_(2021-present),,missing_updates,"all DLC's are cracked, but the latest patch is uncracked",2023-02-18T00:00:00Z,MrLemon,False,Confirmed,,,atomicheart,,,2023-02-21T00:00:00Z,,668580,https://store.steampowered.com/app/668580
Etrian Odyssey HD,cracked_denuvo_games_(2021-present),,fully_cracked,latest update is cracked with all the DLC's,2023-06-01T00:00:00Z,CHRONOS,False,Confirmed,,,etrianodysseyhd,,,2023-06-01T00:00:00Z,,1868180,https://store.steampowered.com/app/1868180
Etrian Odyssey II HD,cracked_denuvo_games_(2021-present),,fully_cracked,latest update is cracked with all the DLC's,2023-06-01T00:00:00Z,CHRONOS,False,Confirmed,,,etrianodysseyiihd,,,2023-06-01T00:00:00Z,,1868170,https://store.steampowered.com/app/1868170
Etrian Odyssey III HD,cracked_denuvo_games_(2021-present),,fully_cracked,latest update is cracked with all the DLC's,2023-06-01T00:00:00Z,CHRONOS,False,Confirmed,,,etrianodysseyiiihd,,,2023-06-01T00:00:00Z,,1810820,https://store.steampowered.com/app/1810820
Assassins Creed Mirage,cracked_denuvo_games_(2021-present),,missing_dlc,the latest DLC or multiple ones are uncracked,2024-11-15T00:00:00Z,Anonymous user,False,Confirmed,Uplay/Ubisoft Connect,,assassinscreedmirage,,,2023-10-05T00:00:00Z,,3035570,https://store.steampowered.com/app/3035570
Dragon's Dogma 2,cracked_denuvo_games_(2021-present),,missing_updates,"all DLC's are cracked, but the latest patch is uncracked",2024-11-16T00:00:00Z,rain0x06,False,Confirmed,,,dragonsdogma2,,,2024-03-22T00:00:00Z,,2054970,https://store.steampowered.com/app/2054970
City Transport Simulator,cracked_denuvo_games_(2021-present),,fully_cracked,latest update is cracked with all the DLC's,2025-12-16T00:00:00Z,RUNE,False,Confirmed,,,citytransportsimulator,,,2025-01-28T00:00:00Z,,2604480,https://store.steampowered.com/app/2604480
FIFA 15,older_cracked_denuvo_games_(2014-2020),,fully_cracked,latest update is cracked with all the DLC's,2015-02-01T00:00:00Z,3DM (Fixed by CPY),False,Confirmed,,,fifa15,,,2014-09-23T00:00:00Z,,,Unavailable
Dragon Age Inquisition,older_cracked_denuvo_games_(2014-2020),,fully_cracked,latest update is cracked with all the DLC's,2014-12-18T00:00:00Z,"3DM (Fixed by CPY), merumeru",False,Confirmed,,,dragonageinquisition,,,2014-11-18T00:00:00Z,,1222690,https://store.steampowered.com/app/1222690
Battlefield Hardline,older_cracked_denuvo_games_(2014-2020),,fully_cracked,latest update is cracked with all the DLC's,2015-08-13T00:00:00Z,CPY,False,Confirmed,,,battlefieldhardline,,,2015-03-17T00:00:00Z,,1238880,https://store.steampowered.com/app/1238880
Metal Gear Solid V: The Phantom Pain,older_cracked_denuvo_games_(2014-2020),,fully_cracked,latest update is cracked with all the DLC's,2015-09-10T00:00:00Z,"3DM (Fixed by CPY), CODEX",False,Confirmed,,,metalgearsolidvthephantompain,,,2015-09-01T00:00:00Z,,287700,https://steampowered.com/app/287700
FIFA 16,older_cracked_denuvo_games_(2014-2020),,fully_cracked,latest update is cracked with all the DLC's,2024-04-11T00:00:00Z,DELUSIONAL,False,Confirmed,,,fifa16,,,2015-09-22T00:00:00Z,,,Unavailable
Star Wars: Battlefront,older_cracked_denuvo_games_(2014-2020),,fully_cracked,latest update is cracked with all the DLC's,2024-05-14T00:00:00Z,DELUSIONAL,False,Confirmed,,,starwarsbattlefront,,,2015-11-17T00:00:00Z,,1237980,https://store.steampowered.com/app/1237980
Unravel,older_cracked_denuvo_games_(2014-2020),,fully_cracked,latest update is cracked with all the DLC's,2017-07-04T00:00:00Z,STEAMPUNKS,False,Confirmed,,,unravel,,,2016-02-09T00:00:00Z,,1225560,https://store.steampowered.com/app/1225560
Far Cry: Primal,older_cracked_denuvo_games_(2014-2020),,fully_cracked,latest update is cracked with all the DLC's,2017-01-08T00:00:00Z,"CPY, CODEX",False,Confirmed,Uplay/Ubisoft Connect,,farcryprimal,,,2016-03-01T00:00:00Z,,371660,https://steampowered.com/app/371660
Total War: Warhammer,older_cracked_denuvo_games_(2014-2020),,missing_dlc,the latest DLC or multiple ones are uncracked,2017-06-17T00:00:00Z,STEAMPUNKS,False,Confirmed,,,totalwarwarhammer,,,2016-05-24T00:00:00Z,,364360,https://steampowered.com/app/364360
Mirror's Edge: Catalyst,older_cracked_denuvo_games_(2014-2020),,fully_cracked,latest update is cracked with all the DLC's,2016-10-02T00:00:00Z,CPY,False,Confirmed,,,mirrorsedgecatalyst,,,2016-06-07T00:00:00Z,,1233570,https://store.steampowered.com/app/1233570
F1 2016,older_cracked_denuvo_games_(2014-2020),,fully_cracked,latest update is cracked with all the DLC's,2017-06-26T00:00:00Z,STEAMPUNKS,False,Confirmed,,,f12016,,,2016-08-19T00:00:00Z,,391040,https://steampowered.com/app/391040
Fernbus Simulator,older_cracked_denuvo_games_(2014-2020),,missing_dlc,the latest DLC or multiple ones are uncracked,2017-10-21T00:00:00Z,CODEPUNKS,False,Confirmed,,,fernbussimulator,,,2016-08-25T00:00:00Z,,427100,https://steampowered.com/app/427100
God Eater Resurrection,older_cracked_denuvo_games_(2014-2020),,fully_cracked,latest update is cracked with all the DLC's,2016-11-08T00:00:00Z,"CPY, Voksi",False,Confirmed,,,godeaterresurrection,,,2016-08-28T00:00:00Z,,438490,https://steampowered.com/app/438490
God Eater 2: Rage Burst,older_cracked_denuvo_games_(2014-2020),,fully_cracked,latest update is cracked with all the DLC's,2017-01-22T00:00:00Z,"CPY, DeltaT",False,Confirmed,,,godeater2rageburst,,,2016-08-30T00:00:00Z,,438490,https://steampowered.com/app/438490
Champions of Anteria,older_cracked_denuvo_games_(2014-2020),,missing_updates,"all DLC's are cracked, but the latest patch is uncracked",2016-12-25T00:00:00Z,"CPY, CODEX",False,Confirmed,Uplay/Ubisoft Connect,,championsofanteria,,,2016-08-30T00:00:00Z,,374520,https://steampowered.com/app/374520
FIFA 17,older_cracked_denuvo_games_(2014-2020),,fully_cracked,latest update is cracked with all the DLC's,2017-07-12T00:00:00Z,STEAMPUNKS,False,Confirmed,,,fifa17,,,2016-09-27T00:00:00Z,,,Unavailable
Pro Evolution Soccer 2017,older_cracked_denuvo_games_(2014-2020),,fully_cracked,latest update is cracked with all the DLC's,2016-10-27T00:00:00Z,CPY,False,Confirmed,,,proevolutionsoccer2017,,,2016-09-30T00:00:00Z,,,Unavailable
WRC 6 FIA,older_cracked_denuvo_games_(2014-2020),,fully_cracked,latest update is cracked with all the DLC's,2017-06-15T00:00:00Z,STEAMPUNKS,False,Confirmed,,,wrc6fia,,,2016-10-14T00:00:00Z,,458770,https://steampowered.com/app/458770
Battlefield 1,older_cracked_denuvo_games_(2014-2020),,missing_updates,"all DLC's are cracked, but the latest patch is uncracked",2017-02-05T00:00:00Z,CPY,False,Confirmed,,,battlefield1,,,2016-10-21T00:00:00Z,,1238840,https://store.steampowered.com/app/1238840
Football Manager 2017,older_cracked_denuvo_games_(2014-2020),,fully_cracked,latest update is cracked with all the DLC's,2017-06-27T00:00:00Z,"STEAMPUNKS, Voksi",False,Confirmed,,,footballmanager2017,,,2016-11-04T00:00:00Z,,,Unavailable
Handball 17,older_cracked_denuvo_games_(2014-2020),,fully_cracked,latest update is cracked with all the DLC's,2024-04-03T00:00:00Z,DELUSIONAL,False,Confirmed,,,handball17,,,2016-11-15T00:00:00Z,,526980,https://steampowered.com/app/526980
Planet Coaster,older_cracked_denuvo_games_(2014-2020),,fully_cracked,latest update is cracked with all the DLC's,2017-06-10T00:00:00Z,"STEAMPUNKS, Voksi, DeltaT, EMPRESS",False,Confirmed,,,planetcoaster,,,2016-11-17T00:00:00Z,,493340,https://steampowered.com/app/493340
Watch Dogs 2,older_cracked_denuvo_games_(2014-2020),,missing_updates,"all DLC's are cracked, but the latest patch is uncracked",2017-01-18T00:00:00Z,"CPY, CODEX",False,Confirmed,Uplay/Ubisoft Connect,,watchdogs2,,,2016-11-29T00:00:00Z,,447040,https://steampowered.com/app/447040
Tales of Berseria,older_cracked_denuvo_games_(2014-2020),,missing_updates,"all DLC's are cracked, but the latest patch is uncracked",2017-02-17T00:00:00Z,CPY,False,Confirmed,,,talesofberseria,,,2017-01-27T00:00:00Z,,429660,https://steampowered.com/app/429660
Sniper Elite 4,older_cracked_denuvo_games_(2014-2020),,missing_updates,"all DLC's are cracked, but the latest patch is uncracked",2017-06-22T00:00:00Z,STEAMPUNKS,False,Confirmed,,,sniperelite4,,,2017-02-14T00:00:00Z,,312660,https://steampowered.com/app/312660
Ghost Recon Wildlands,older_cracked_denuvo_games_(2014-2020),,fully_cracked,latest update is cracked with all the DLC's,2017-07-24T00:00:00Z,"STEAMPUNKS (Fixed by CPY), DeltaT, EMPRESS",False,Confirmed,Uplay/Ubisoft Connect,,ghostreconwildlands,,,2017-03-07T00:00:00Z,,460930,https://steampowered.com/app/460930
Dead Rising 4,older_cracked_denuvo_games_(2014-2020),,fully_cracked,latest update is cracked with all the DLC's,2017-06-18T00:00:00Z,"Baldman, Voksi, CODEX",False,Confirmed,,,deadrising4,,,2017-03-14T00:00:00Z,,543460,https://steampowered.com/app/543460
Dragon Quest Heroes II,older_cracked_denuvo_games_(2014-2020),,fully_cracked,latest update is cracked with all the DLC's,2017-06-25T00:00:00Z,"Baldman, CODEX",False,Confirmed,,,dragonquestheroesii,,,2017-04-25T00:00:00Z,,574050,https://steampowered.com/app/574050
Warhammer 40k: Dawn of War III,older_cracked_denuvo_games_(2014-2020),,missing_updates,"all DLC's are cracked, but the latest patch is uncracked",2017-06-13T00:00:00Z,"Baldman, Voksi",False,Confirmed,,,warhammer40kdawnofwariii,,,2017-04-27T00:00:00Z,,285190,https://steampowered.com/app/285190
Battlezone Gold Edition,older_cracked_denuvo_games_(2014-2020),,fully_cracked,latest update is cracked with all the DLC's,2018-05-06T00:00:00Z,"Voksi, DeltaT",False,Confirmed,,,battlezonegoldedition,,,2017-05-11T00:00:00Z,,312650,https://steampowered.com/app/312650
Hunting Simulator,older_cracked_denuvo_games_(2014-2020),,fully_cracked,latest update is cracked with all the DLC's,2017-08-17T00:00:00Z,"CPY, Voksi",False,Confirmed,,,huntingsimulator,,,2017-06-09T00:00:00Z,,585080,https://steampowered.com/app/585080
White Day: A Labyrinth Named School,older_cracked_denuvo_games_(2014-2020),,fully_cracked,latest update is cracked with all the DLC's,2017-08-22T00:00:00Z,ALI213 (Fixed by Steam006),False,Confirmed,,,whitedayalabyrinthnamedschool,,,2017-08-22T00:00:00Z,,466130,https://steampowered.com/app/466130
F1 2017,older_cracked_denuvo_games_(2014-2020),,fully_cracked,latest update is cracked with all the DLC's,2017-09-13T00:00:00Z,"CPY, sam2k8, Voksi",False,Confirmed,,,f12017,,,2017-08-25T00:00:00Z,,515220,https://steampowered.com/app/515220
Monopoly plus,older_cracked_denuvo_games_(2014-2020),,missing_updates,"all DLC's are cracked, but the latest patch is uncracked",2017-10-06T00:00:00Z,STEAMPUNKS,False,Confirmed,Uplay/Ubisoft Connect,,monopolyplus,,,2017-09-08T00:00:00Z,,562810,https://steampowered.com/app/562810
Pro Evolution Soccer 2018,older_cracked_denuvo_games_(2014-2020),,fully_cracked,latest update is cracked with all the DLC's,2017-09-22T00:00:00Z,"CPY, Voksi, DeltaT",False,Confirmed,,,proevolutionsoccer2018,,,2017-09-13T00:00:00Z,,,Unavailable
WRC 7 FIA,older_cracked_denuvo_games_(2014-2020),,fully_cracked,latest update is cracked with all the DLC's,2017-09-24T00:00:00Z,"CPY, Voksi, CODEX",False,Confirmed,,,wrc7fia,,,2017-09-15T00:00:00Z,,621830,https://steampowered.com/app/621830
Total War: Warhammer 2,older_cracked_denuvo_games_(2014-2020),,missing_updates,"all DLC's are cracked, but the latest patch is uncracked",2017-09-28T00:00:00Z,"STEAMPUNKS, Voksi, CODEX, DeltaT, c000005, PARADOX, EMPRESS",False,Confirmed,,,totalwarwarhammer2,,,2017-09-28T00:00:00Z,,594570,https://steampowered.com/app/594570
FIFA 18,older_cracked_denuvo_games_(2014-2020),,missing_dlc,the latest DLC or multiple ones are uncracked,2017-09-29T00:00:00Z,STEAMPUNKS,False,Confirmed,,,fifa18,,,2017-09-29T00:00:00Z,,,Unavailable
South Park: The Fractured but Whole,older_cracked_denuvo_games_(2014-2020),,fully_cracked,latest update is cracked with all the DLC's,2017-10-18T00:00:00Z,"CODEPUNKS, CODEX",False,Confirmed,Uplay/Ubisoft Connect,,southparkthefracturedbutwhole,,,2017-10-17T00:00:00Z,,488790,https://steampowered.com/app/488790
Assassin's Creed: Origins,older_cracked_denuvo_games_(2014-2020),,fully_cracked,latest update is cracked with all the DLC's,2018-02-03T00:00:00Z,"CPY, CODEX",False,Confirmed,Uplay/Ubisoft Connect,,assassinscreedorigins,,,2017-10-27T00:00:00Z,,582160,https://steampowered.com/app/582160
Sonic Forces,older_cracked_denuvo_games_(2014-2020),,fully_cracked,latest update is cracked with all the DLC's,2018-01-21T00:00:00Z,CPY,False,Confirmed,,,sonicforces,,,2017-11-07T00:00:00Z,,637100,https://steampowered.com/app/637100
Need For Speed Payback,older_cracked_denuvo_games_(2014-2020),,missing_dlc,the latest DLC or multiple ones are uncracked,2018-03-09T00:00:00Z,CPY,False,Confirmed,,,needforspeedpayback,,,2017-11-10T00:00:00Z,,1262580,https://store.steampowered.com/app/1262580
Football Manager 2018,older_cracked_denuvo_games_(2014-2020),,fully_cracked,latest update is cracked with all the DLC's,2018-06-21T00:00:00Z,Voksi,False,Confirmed,,,footballmanager2018,,,2017-11-10T00:00:00Z,,,Unavailable
Star Wars Battlefront II,older_cracked_denuvo_games_(2014-2020),,fully_cracked,latest update is cracked with all the DLC's,2019-06-28T00:00:00Z,"CODEX, EMPRESS",False,Confirmed,,,starwarsbattlefrontii,,,2017-11-17T00:00:00Z,,1237950,https://store.steampowered.com/app/1237950
Star Ocean: The Last Hope HD Remaster,older_cracked_denuvo_games_(2014-2020),,fully_cracked,latest update is cracked with all the DLC's,2018-01-27T00:00:00Z,"CPY, DeltaT",False,Confirmed,,,staroceanthelasthopehdremaster,,,2017-11-28T00:00:00Z,,609150,https://steampowered.com/app/609150
Fe,older_cracked_denuvo_games_(2014-2020),,fully_cracked,latest update is cracked with all the DLC's,2023-08-13T00:00:00Z,SKIDROW,False,Confirmed,,,fe,,,2018-02-16T00:00:00Z,,1225580,https://store.steampowered.com/app/1225580
SWORD ART ONLINE: Fatal Bullet,older_cracked_denuvo_games_(2014-2020),,missing_updates,"all DLC's are cracked, but the latest patch is uncracked",2018-04-11T00:00:00Z,"CPY, FCKDRM, CODEX",False,Confirmed,,,swordartonlinefatalbullet,,,2018-02-23T00:00:00Z,,626690,https://steampowered.com/app/626690
Puyo Puyo Tetris,older_cracked_denuvo_games_(2014-2020),,fully_cracked,latest update is cracked with all the DLC's,2018-06-28T00:00:00Z,"Voksi, CODEX",False,Confirmed,,,puyopuyotetris,,,2018-02-27T00:00:00Z,,546050,https://steampowered.com/app/546050
Far Cry 5,older_cracked_denuvo_games_(2014-2020),,missing_updates,"all DLC's are cracked, but the latest patch is uncracked",2018-04-15T00:00:00Z,"CPY, CODEX",False,Confirmed,Uplay/Ubisoft Connect,,farcry5,,,2018-03-27T00:00:00Z,,552520,https://steampowered.com/app/552520
Unravel Two,older_cracked_denuvo_games_(2014-2020),,fully_cracked,latest update is cracked with all the DLC's,2018-09-11T00:00:00Z,CODEX,False,Confirmed,,,unraveltwo,,,2018-06-09T00:00:00Z,,1225570,https://store.steampowered.com/app/1225570
Jurassic World Evolution,older_cracked_denuvo_games_(2014-2020),,fully_cracked,latest update is cracked with all the DLC's,2018-09-25T00:00:00Z,"CODEX, EMPRESS",False,Confirmed,,,jurassicworldevolution,,,2018-06-12T00:00:00Z,,648350,https://steampowered.com/app/648350
Shining Resonance Refrain,older_cracked_denuvo_games_(2014-2020),,fully_cracked,latest update is cracked with all the DLC's,2018-07-11T00:00:00Z,"Voksi, DeltaT, voices38",False,Confirmed,,,shiningresonancerefrain,,,2018-07-10T00:00:00Z,,809890,https://steampowered.com/app/809890
Madden NFL 19,older_cracked_denuvo_games_(2014-2020),,missing_updates,"all DLC's are cracked, but the latest patch is uncracked",2018-10-04T00:00:00Z,CODEX,False,Confirmed,,,maddennfl19,,,2018-08-10T00:00:00Z,,,Unavailable
Burnout Paradise Remastered,older_cracked_denuvo_games_(2014-2020),,fully_cracked,latest update is cracked with all the DLC's,2024-07-18T00:00:00Z,RUNE,False,Confirmed,,,burnoutparadiseremastered,,,2018-08-21T00:00:00Z,,1238080,https://store.steampowered.com/app/1238080
F1 2018,older_cracked_denuvo_games_(2014-2020),,fully_cracked,latest update is cracked with all the DLC's,2018-09-15T00:00:00Z,"CODEX, sam2k8",False,Confirmed,,,f12018,,,2018-08-24T00:00:00Z,,737800,https://steampowered.com/app/737800
Strange Brigade,older_cracked_denuvo_games_(2014-2020),,fully_cracked,latest update is cracked with all the DLC's,2019-01-11T00:00:00Z,"CPY, PLAZA",False,Confirmed,,,strangebrigade,,,2018-08-28T00:00:00Z,,312670,https://steampowered.com/app/312670
Pro Evolution Soccer 2019,older_cracked_denuvo_games_(2014-2020),,missing_updates,"all DLC's are cracked, but the latest patch is uncracked",2018-11-25T00:00:00Z,CPY,False,Confirmed,,,proevolutionsoccer2019,,,2018-08-30T00:00:00Z,,,Unavailable
Naruto to Boruto: Shinobi Striker,older_cracked_denuvo_games_(2014-2020),,missing_updates,"all DLC's are cracked, but the latest patch is uncracked",2018-08-31T00:00:00Z,"3DM, CODEX",False,Confirmed,,,narutotoborutoshinobistriker,,,2018-08-31T00:00:00Z,,633230,https://steampowered.com/app/633230
Dragon Quest XI,older_cracked_denuvo_games_(2014-2020),,missing_updates,"all DLC's are cracked, but the latest patch is uncracked",2018-09-17T00:00:00Z,CODEX,False,Confirmed,,,dragonquestxi,,,2018-09-04T00:00:00Z,,742120,https://steampowered.com/app/742120
Zone of the Enders The 2nd Runner,older_cracked_denuvo_games_(2014-2020),,fully_cracked,latest update is cracked with all the DLC's,2019-06-26T00:00:00Z,CODEX,False,Confirmed,,,zoneoftheendersthe2ndrunner,,,2018-09-04T00:00:00Z,,650510,https://steampowered.com/app/650510
New Gundam Breaker,older_cracked_denuvo_games_(2014-2020),,fully_cracked,latest update is cracked with all the DLC's,2019-06-26T00:00:00Z,CODEX,False,Confirmed,,,newgundambreaker,,,2018-09-24T00:00:00Z,,738530,https://steampowered.com/app/738530
Valkyria Chronicles 4,older_cracked_denuvo_games_(2014-2020),,fully_cracked,latest update is cracked with all the DLC's,2019-01-25T00:00:00Z,CODEX,False,Confirmed,,,valkyriachronicles4,,,2018-09-25T00:00:00Z,,790820,https://steampowered.com/app/790820
Life is Strange 2,older_cracked_denuvo_games_(2014-2020),,fully_cracked,latest update is cracked with all the DLC's,2019-01-16T00:00:00Z,"CPY, EMPRESS",False,Confirmed,,,lifeisstrange2,,,2018-09-27T00:00:00Z,,532210,https://steampowered.com/app/532210
FIFA 19,older_cracked_denuvo_games_(2014-2020),,missing_updates,"all DLC's are cracked, but the latest patch is uncracked",2018-11-30T00:00:00Z,CPY,False,Confirmed,,,fifa19,,,2018-09-28T00:00:00Z,,,Unavailable
Assassin's Creed: Odyssey,older_cracked_denuvo_games_(2014-2020),,missing_dlc,the latest DLC or multiple ones are uncracked,2018-11-10T00:00:00Z,"CPY, EMPRESS",False,Confirmed,Uplay/Ubisoft Connect,,assassinscreedodyssey,,,2018-10-05T00:00:00Z,,812140,https://steampowered.com/app/812140
The Quiet Man,older_cracked_denuvo_games_(2014-2020),,fully_cracked,latest update is cracked with all the DLC's,2020-06-07T00:00:00Z,CODEX,False,Confirmed,,,thequietman,,,2018-11-01T00:00:00Z,,790540,https://steampowered.com/app/790540
Football Manager 2019,older_cracked_denuvo_games_(2014-2020),,missing_updates,"all DLC's are cracked, but the latest patch is uncracked",2018-11-06T00:00:00Z,FCKDRM,False,Confirmed,,,footballmanager2019,,,2018-11-02T00:00:00Z,,872790,https://steampowered.com/app/872790
Battlefield V,older_cracked_denuvo_games_(2014-2020),,missing_updates,"all DLC's are cracked, but the latest patch is uncracked",2018-12-12T00:00:00Z,CPY,False,Confirmed,,,battlefieldv,,,2018-11-20T00:00:00Z,,1238810,https://store.steampowered.com/app/1238810
Tourist Bus Simulator,older_cracked_denuvo_games_(2014-2020),,fully_cracked,latest update is cracked with all the DLC's,2025-09-23T00:00:00Z,SKIDROW,False,Confirmed,,,touristbussimulator,,,2018-12-06T00:00:00Z,,953580,https://steampowered.com/app/953580
Far Cry New Dawn,older_cracked_denuvo_games_(2014-2020),,fully_cracked,latest update is cracked with all the DLC's,2019-02-22T00:00:00Z,CODEX,False,Confirmed,Uplay/Ubisoft Connect,,farcrynewdawn,,,2019-02-15T00:00:00Z,,939960,https://steampowered.com/app/939960
Trials Rising,older_cracked_denuvo_games_(2014-2020),,fully_cracked,latest update is cracked with all the DLC's,2025-10-13T00:00:00Z,RUNE,False,Confirmed,Uplay/Ubisoft Connect,,trialsrising,,,2019-02-26T00:00:00Z,,641080,https://steampowered.com/app/641080
Left Alive,older_cracked_denuvo_games_(2014-2020),,fully_cracked,latest update is cracked with all the DLC's,2021-05-21T00:00:00Z,EMPRESS,False,Confirmed,,,leftalive,,,2019-03-05T00:00:00Z,,714370,https://store.steampowered.com/app/714370
Anno 1800,older_cracked_denuvo_games_(2014-2020),,fully_cracked,latest update is cracked with all the DLC's,2021-01-05T00:00:00Z,"EMPRESS, voices38",False,Confirmed,Uplay/Ubisoft Connect,,anno1800,,,2019-04-16T00:00:00Z,,916440,https://store.steampowered.com/app/916440
Starlink: Battle for Atlas,older_cracked_denuvo_games_(2014-2020),,fully_cracked,latest update is cracked with all the DLC's,2025-10-18T00:00:00Z,voices38,False,Confirmed,Uplay/Ubisoft Connect,,starlinkbattleforatlas,,,2019-04-30T00:00:00Z,,950050,https://store.steampowered.com/app/950050
Team Sonic Racing,older_cracked_denuvo_games_(2014-2020),,fully_cracked,latest update is cracked with all the DLC's,2020-06-05T00:00:00Z,CODEX,False,Confirmed,,,teamsonicracing,,,2019-05-21T00:00:00Z,,785260,https://store.steampowered.com/app/785260
Sea of Solitude,older_cracked_denuvo_games_(2014-2020),,fully_cracked,latest update is cracked with all the DLC's,2019-09-14T00:00:00Z,CODEX,False,Confirmed,,,seaofsolitude,,,2019-07-05T00:00:00Z,,1225590,https://store.steampowered.com/app/1225590
Madden NFL 20,older_cracked_denuvo_games_(2014-2020),,missing_updates,"all DLC's are cracked, but the latest patch is uncracked",2019-08-28T00:00:00Z,CODEX,False,Confirmed,,,maddennfl20,,,2019-08-02T00:00:00Z,,,Unavailable
eFootball Pro Evolution Soccer 2020,older_cracked_denuvo_games_(2014-2020),,fully_cracked,latest update is cracked with all the DLC's,2025-10-28T00:00:00Z,voices38,False,Confirmed,,,efootballproevolutionsoccer2020,,,2019-09-10T00:00:00Z,,996470,https://store.steampowered.com/app/996470
FIFA 20,older_cracked_denuvo_games_(2014-2020),,fully_cracked,latest update is cracked with all the DLC's,2025-11-07T00:00:00Z,voices38,False,Confirmed,,,fifa20,,,2019-09-27T00:00:00Z,,,Unavailable
Planet Zoo,older_cracked_denuvo_games_(2014-2020),,missing_dlc,the latest DLC or multiple ones are uncracked,2020-09-23T00:00:00Z,EMPRESS,False,Confirmed,,,planetzoo,,,2019-11-05T00:00:00Z,,703080,https://store.steampowered.com/app/703080
Need for Speed Heat,older_cracked_denuvo_games_(2014-2020),,fully_cracked,latest update is cracked with all the DLC's,2019-12-27T00:00:00Z,"Leaked CODEX crack, voices38",False,Confirmed,,,needforspeedheat,,,2019-11-08T00:00:00Z,,1222680,https://store.steampowered.com/app/1222680
Football Manager 2020,older_cracked_denuvo_games_(2014-2020),,missing_updates,"all DLC's are cracked, but the latest patch is uncracked",2020-06-18T00:00:00Z,MKDEV,False,Confirmed,,,footballmanager2020,,,2019-11-19T00:00:00Z,,1100600,https://store.steampowered.com/app/1100600
Zombie Army 4: Dead War,older_cracked_denuvo_games_(2014-2020),,missing_dlc,the latest DLC or multiple ones are uncracked,2020-12-11T00:00:00Z,EMPRESS,False,Confirmed,,,zombiearmy4deadwar,,,2020-02-04T00:00:00Z,,694280,https://store.steampowered.com/app/694280
Maneater,older_cracked_denuvo_games_(2014-2020),,fully_cracked,latest update is cracked with all the DLC's,2022-10-14T00:00:00Z,EMPRESS,False,Confirmed,,,maneater,,,2020-05-22T00:00:00Z,,629820,https://store.steampowered.com/agecheck/app/629820/
Persona 4 Golden,older_cracked_denuvo_games_(2014-2020),,fully_cracked,latest update is cracked with all the DLC's,2020-07-02T00:00:00Z,"whiteee, MKDEV",False,Confirmed,,,persona4golden,,,2020-06-13T00:00:00Z,,1113000,https://store.steampowered.com/app/1113000
Total War Saga: Troy,older_cracked_denuvo_games_(2014-2020),,missing_dlc,the latest DLC or multiple ones are uncracked,2020-10-14T00:00:00Z,CPY,False,Confirmed,,,totalwarsagatroy,,,2020-08-13T00:00:00Z,,1099410,https://store.steampowered.com/app/1099410
eFootball Pro Evolution Soccer 2021,older_cracked_denuvo_games_(2014-2020),,missing_updates,"all DLC's are cracked, but the latest patch is uncracked",2020-10-14T00:00:00Z,CPY,False,Confirmed,,,efootballproevolutionsoccer2021,,,2020-09-15T00:00:00Z,,1259970,https://store.steampowered.com/app/1259970
Star Wars: Squadrons,older_cracked_denuvo_games_(2014-2020),,fully_cracked,latest update is cracked with all the DLC's,2025-11-15T00:00:00Z,voices38,False,Confirmed,,,starwarssquadrons,,,2020-10-02T00:00:00Z,,1222730,https://store.steampowered.com/app/1222730
FIFA 21,older_cracked_denuvo_games_(2014-2020),,fully_cracked,latest update is cracked with all the DLC's,2025-11-27T00:00:00Z,voices38,False,Confirmed,,,fifa21,,,2020-10-09T00:00:00Z,,1313860,https://store.steampowered.com/app/1313860
Watch Dogs: Legion *DIRECTX12 ONLY,older_cracked_denuvo_games_(2014-2020),,fully_cracked,latest update is cracked with all the DLC's,2022-01-05T00:00:00Z,EMPRESS,False,Confirmed,Uplay/Ubisoft Connect,,watchdogslegiondirectx12only,,,2020-10-29T00:00:00Z,,2239550,https://store.steampowered.com/app/2239550
Need For Speed Hot Pursuit Remastered,older_cracked_denuvo_games_(2014-2020),,fully_cracked,latest update is cracked with all the DLC's,2025-11-18T00:00:00Z,voices38,False,Confirmed,,,needforspeedhotpursuitremastered,,,2020-11-06T00:00:00Z,,1328660,https://store.steampowered.com/app/1328660
Assassin's Creed: Valhalla,older_cracked_denuvo_games_(2014-2020),,missing_dlc,the latest DLC or multiple ones are uncracked,2021-03-24T00:00:00Z,EMPRESS,False,Confirmed,Uplay/Ubisoft Connect,,assassinscreedvalhalla,,,2020-11-10T00:00:00Z,,2208920,https://store.steampowered.com/app/2208920l
Football Manager 2021,older_cracked_denuvo_games_(2014-2020),,fully_cracked,latest update is cracked with all the DLC's,2021-08-05T00:00:00Z,MKDEV,False,Confirmed,,,footballmanager2021,,,2020-11-24T00:00:00Z,,1263850,https://store.steampowered.com/app/1263850
Immortals Fenyx Rising,older_cracked_denuvo_games_(2014-2020),,fully_cracked,latest update is cracked with all the DLC's,2021-02-21T00:00:00Z,"EMPRESS, CrateBlocker",False,Confirmed,Uplay/Ubisoft Connect,,immortalsfenyxrising,,,2020-12-03T00:00:00Z,,2221920,https://store.steampowered.com/app/2221920
The Awesome Adventures of Captain Spirit,free_to_play_games_that_use_denuvo,,,,2019-01-16T00:00:00Z,CPY,False,Confirmed,,,theawesomeadventuresofcaptainspirit,,,2018-06-26T00:00:00Z,,,
eFootball,free_to_play_games_that_use_denuvo,,,,,,False,Confirmed,,,efootball,,,2021-09-30T00:00:00Z,,,
Rise of Eros,free_to_play_games_that_use_denuvo,,,,,,False,Confirmed,,,riseoferos,,,2023-07-17T00:00:00Z,,,
Plants VS Zombies: Garden Warfare 2,uncracked_denuvo_games_that_are_online_only,,,,,,False,Confirmed,,,plantsvszombiesgardenwarfare2,,,2016-02-23T00:00:00Z,,,
Need For Speed,uncracked_denuvo_games_that_are_online_only,,,,,,False,Confirmed,,,needforspeed,,,2016-03-15T00:00:00Z,,,
For Honor,uncracked_denuvo_games_that_are_online_only,,,,,,False,Confirmed,,,forhonor,,,2017-02-13T00:00:00Z,,,
Anthem,uncracked_denuvo_games_that_are_online_only,,,,,,False,Confirmed,,,anthem,,,2019-02-22T00:00:00Z,,,
Ghost Recon Breakpoint,uncracked_denuvo_games_that_are_online_only,,,,,,False,Confirmed,,,ghostreconbreakpoint,,,2019-10-04T00:00:00Z,,,
Battlefield 2042,uncracked_denuvo_games_that_are_online_only,,,,,,False,Confirmed,,,battlefield2042,,,2021-11-19T00:00:00Z,,,
Rainbow Six Extraction,uncracked_denuvo_games_that_are_online_only,,,,,,False,Confirmed,,,rainbowsixextraction,,,2022-01-20T00:00:00Z,,,
Skull and Bones,uncracked_denuvo_games_that_are_online_only,,,,,,False,Confirmed,,,skullandbones,,,2024-02-16T00:00:00Z,,,
OddBallers,uncracked_denuvo_games_that_are_online_only,,,,,,False,Confirmed,,,oddballers,,,2024-08-15T00:00:00Z,,,
Yakuza Kiwami 3 & Dark Ties,upcoming_denuvo_games,,,,,,False,Confirmed,,,yakuzakiwami3darkties,,2026-02-11T00:00:00Z,,,,
Resident Evil Requiem,upcoming_denuvo_games,,,,,,False,Confirmed,,,residentevilrequiem,,2026-02-27T00:00:00Z,,,,
Monster Hunter Stories 3: Twisted Reflection,upcoming_denuvo_games,,,,,,False,Confirmed,,,monsterhunterstories3twistedreflection,,2026-03-13T00:00:00Z,,,,
Life is Strange: Reunion,upcoming_denuvo_games,,,,,,False,Confirmed,,,lifeisstrangereunion,,2026-03-26T00:00:00Z,,,,
Mega Man Star Force Legacy Collection,upcoming_denuvo_games,,,,,,False,Confirmed,,,megamanstarforcelegacycollection,,2026-03-27T00:00:00Z,,,,
Pragmata,upcoming_denuvo_games,,,,,,False,Confirmed,,,pragmata,,2026-04-24T00:00:00Z,,,,
Phantom Blade Zero,upcoming_denuvo_games,,,,,,False,Confirmed,,,phantombladezero,,2026-09-09T00:00:00Z,,,,
Scott Pilgrim EX,upcoming_denuvo_games,,,,,,True,Assumption,,,scottpilgrimex,,TBA 2026,,,,
Onimusha - Way of the Sword,upcoming_denuvo_games,,,,,,True,Assumption,,,onimushawayofthesword,,TBA 2026,,,,
Total War Warhammer 40K,upcoming_denuvo_games,,,,,,True,Assumption,,,totalwarwarhammer40k,,TBA 2026,,,,
Ace Combat 8 - Wings of Theve,upcoming_denuvo_games,,,,,,True,Assumption,,,acecombat8wingsoftheve,,TBA 2026,,,,
Mega Man Dual Override,upcoming_denuvo_games,,,,,,True,Assumption,,,megamandualoverride,,TBA 2027,,,,
Persona 4 Revival,upcoming_denuvo_games,,,,,,False,Confirmed,,,persona4revival,,TBA,,,,
Atomic Heart 2,upcoming_denuvo_games,,,,,,True,Assumption,,,atomicheart2,,TBA,,,,
Stranger Than Heaven,upcoming_denuvo_games,,,,,,True,Assumption,,,strangerthanheaven,,TBA,,,,
Fortifyte,upcoming_denuvo_games,,,,,,False,Confirmed,,,fortifyte,,TBA,,,,
Operation Lovecraft: Fallen Doll,upcoming_denuvo_games,,,,,,False,Confirmed,,,operationlovecraftfallendoll,,TBA,,,,
Darwin's Paradox,upcoming_denuvo_games,,,,,,True,Assumption,,,darwinsparadox,,TBA,,,,
Judas,upcoming_denuvo_games,,,,,,True,Assumption,,,judas,,TBA,,,,
Beyond Good & Evil 2,upcoming_denuvo_games,,,,,,False,Confirmed,,,beyondgoodevil2,,TBA,,,,
Wolfenstein 3,upcoming_denuvo_games,,,,,,True,Assumption,,,wolfenstein3,,TBA,,,,
